0,1
<s>,i
i,did
did,it
it,<\s>
find,it
it,<\s>
get,it
it,<\s>
have,it
it,<\s>
find,it
it,<\s>
find,it
it,<\s>
<s>,you
you,find
find,it
it,xxx
find,it
it,<\s>
find,it
it,<\s>
find,i
i,<\s>
taste,it
it,<\s>
taste,it
it,<\s>
taste,it
it,<\s>
taste,it
it,<\s>
taste,it
it,<\s>
taste,it
it,<\s>
taste,it
it,<\s>
taste,it
it,<\s>
taste,it
it,<\s>
taste,it
it,<\s>
taste,it
it,<\s>
taste,it
it,<\s>
taste,it
it,<\s>
taste,it
it,<\s>
taste,it
it,<\s>
taste,it
it,<\s>
taste,it
it,<\s>
taste,it
it,<\s>
taste,it
it,<\s>
<s>,i
i,fall
do,it
it,<\s>
have,it
it,<\s>
bring,it
it,<\s>
bring,it
it,<\s>
pardon,me
me,<\s>
<s>,i
i,dance
get,her
her,<\s>
get,it
it,<\s>
<s>,i
i,see
see,it
it,<\s>
change,her
her,<\s>
change,her
her,<\s>
change,her
her,<\s>
change,her
her,<\s>
have,it
it,<\s>
find,it
it,<\s>
find,it
it,<\s>
<s>,you
you,find
find,it
it,<\s>
<s>,you
you,find
find,it
it,<\s>
find,it
it,<\s>
find,it
it,<\s>
fix,it
it,<\s>
find,it
it,<\s>
bring,it
it,<\s>
bring,it
it,<\s>
have,it
it,<\s>
have,it
it,<\s>
have,it
it,<\s>
have,it
it,<\s>
eat,it
it,<\s>
have,it
it,<\s>
have,it
it,<\s>
have,it
it,<\s>
<s>,it
it,break
oh,it
it,break
<s>,it
it,break
xxx,i
i,cider
show,me
me,book
show,me
me,book
show,me
me,book
<s>,me
me,book
show,me
me,book
show,me
me,book
mommy,you
you,read
<s>,i
i,kick
see,it
it,<\s>
<s>,i
i,can
<s>,i
i,was
change,her
her,<\s>
pardon,me
me,<\s>
pardon,me
me,<\s>
pardon,me
me,<\s>
<s>,i
i,want
stir,it
it,<\s>
<s>,i
i,see
<s>,i
i,fell
get,it
it,<\s>
show,me
me,<\s>
mommy,you
you,read
<s>,i
i,get
<s>,you
you,read
read,it
it,<\s>
hold,it
it,<\s>
<s>,i
i,see
<s>,i
i,help
<s>,i
i,help
find,it
it,<\s>
<s>,you
you,write
<s>,i
i,xxx
get,it
it,<\s>
at,me
me,<\s>
<s>,i
i,get
get,it
it,<\s>
<s>,i
i,get
get,it
it,<\s>
by,you
you,<\s>
by,you
you,<\s>
<s>,i
i,drop
<s>,i
i,drop
<s>,i
i,write
see,it
it,paper
drop,it
it,<\s>
<s>,i
i,see
have,it
it,<\s>
<s>,i
i,sock
lick,it
it,<\s>
<s>,i
i,see
<s>,you
you,climb
<s>,you
you,fraser
have,it
it,<\s>
<s>,i
i,crack
<s>,i
i,want
get,it
it,<\s>
spill,it
it,<\s>
look,it
it,<\s>
<s>,i
i,dance
xxx,i
i,banging
<s>,i
i,banging
help,me
me,<\s>
get,it
it,<\s>
<s>,i
i,seed
saw,it
it,<\s>
op,it
it,bouillon
see,it
it,<\s>
see,it
it,<\s>
by,me
me,<\s>
<s>,you
you,sugar
<s>,me
me,<\s>
see,it
it,<\s>
have,it
it,<\s>
<s>,it
it,drop
<s>,they
they,building
did,it
it,go
<s>,it
it,go
tore,it
it,<\s>
<s>,he
he,doing
<s>,it
it,sway
see,me
me,see
see,me
me,see
see,me
me,see
see,me
me,see
see,me
me,see
see,me
me,see
see,me
me,<\s>
<s>,i
i,see
see,me
me,<\s>
<s>,i
i,see
see,me
me,xxx
see,me
me,<\s>
see,me
me,<\s>
see,me
me,<\s>
see,me
me,<\s>
see,me
me,<\s>
see,me
me,<\s>
see,me
me,<\s>
see,me
me,<\s>
see,me
me,<\s>
see,me
me,<\s>
see,me
me,<\s>
see,you
you,<\s>
see,you
you,jump
do,it
it,eve
<s>,you
you,jump
<s>,i
i,sit
<s>,i
i,bet
<s>,he
he,sell
kiss,it
it,<\s>
<s>,you
you,wipe
<s>,i
i,see
<s>,you
you,do
do,it
it,<\s>
<s>,him
him,writing
change,her
her,<\s>
<s>,you
you,penny
<s>,you
you,penny
move,him
him,<\s>
move,him
him,<\s>
put,him
him,put
put,him
him,lion
get,it
it,<\s>
<s>,you
you,<\s>
do,it
it,again
do,it
it,again
<s>,it
it,drop
have,it
it,<\s>
<s>,i
i,two
<s>,i
i,<\s>
yeah,i
i,swimming
fix,it
it,<\s>
<s>,it
it,broken
<s>,i
i,write
<s>,i
i,write
sto,i
i,write
<s>,i
i,write
<s>,i
i,write
<s>,i
i,write
<s>,you
you,write
<s>,you
you,write
<s>,you
you,pencil
on,it
it,<\s>
find,it
it,<\s>
<s>,you
you,gonna
<s>,i
i,making
<s>,i
i,sit
rinse,it
it,out
<s>,i
i,put
<s>,i
i,put
peel,it
it,first
peel,it
it,first
<s>,you
you,on
<s>,you
you,writing
<s>,i
i,fall
<s>,i
i,put
<s>,it
it,doing
<s>,i
i,brushing
<s>,i
i,banging
put,it
it,in
<s>,you
you,read
<s>,i
i,sit
<s>,she
she,goin
<s>,she
she,goin
go,her
her,tummy
<s>,i
i,fall
<s>,i
i,try
<s>,i
i,try
<s>,i
i,try
try,it
it,again
<s>,i
i,drinking
can,she
she,<\s>
<s>,i
i,slip
have,it
it,<\s>
have,it
it,have
have,it
it,<\s>
have,it
it,<\s>
<s>,i
i,see
have,it
it,<\s>
<s>,he
he,drink
drink,it
it,<\s>
<s>,i
i,drinking
<s>,i
i,drinking
<s>,i
i,making
making,i
i,making
<s>,i
i,see
see,you
you,<\s>
<s>,i
i,see
see,you
you,<\s>
there,he
he,is
let,me
me,have
have,it
it,<\s>
put,it
it,<\s>
xxx,it
it,<\s>
<s>,it
it,xxx
<s>,he
he,giving
<s>,i
i,like
drop,it
it,drop
<s>,i
i,see
<s>,i
i,see
see,you
you,<\s>
<s>,i
i,cut
<s>,i
i,cut
<s>,you
you,cut
<s>,i
i,ride
<s>,i
i,no
<s>,she
she,drink
stir,it
it,<\s>
read,it
it,<\s>
read,it
it,<\s>
read,it
it,<\s>
stir,it
it,<\s>
clean,her
her,up
read,it
it,<\s>
tape,it
it,go
<s>,i
i,writing
<s>,i
i,see
<s>,i
i,see
see,me
me,<\s>
<s>,i
i,see
see,you
you,<\s>
<s>,i
i,see
<s>,i
i,see
see,me
me,<\s>
<s>,i
i,see
see,me
me,<\s>
<s>,i
i,see
see,me
me,<\s>
<s>,i
i,see
see,me
me,<\s>
<s>,i
i,have
<s>,i
i,have
play,it
it,<\s>
play,it
it,<\s>
<s>,i
i,run
<s>,i
i,run
at,you
you,one
read,it
it,<\s>
do,it
it,in
<s>,i
i,put
put,me
me,in
put,me
me,in
<s>,i
i,put
put,me
me,in
<s>,i
i,put
put,me
me,in
put,me
me,in
<s>,i
i,writing
<s>,i
i,writing
put,me
me,in
yeah,i
i,put
put,me
me,in
<s>,i
i,put
put,me
me,in
<s>,i
i,put
<s>,i
i,put
<s>,i
i,put
do,it
it,<\s>
<s>,we
we,both
put,me
me,in
put,me
me,in
put,me
me,in
put,me
me,in
<s>,you
you,put
in,it
it,<\s>
<s>,i
i,coming
<s>,i
i,coming
<s>,i
i,rocking
<s>,i
i,put
put,it
it,back
<s>,i
i,carry
carry,it
it,<\s>
<s>,i
i,rocking
<s>,i
i,put
<s>,i
i,put
<s>,it
it,laba
<s>,it
it,laba
<s>,it
it,have_to
<s>,i
i,turn
<s>,you
you,do
do,it
it,<\s>
<s>,you
you,do
do,it
it,<\s>
to,you
you,<\s>
<s>,i
i,take
do,it
it,<\s>
to,you
you,<\s>
do,it
it,<\s>
<s>,you
you,do
do,it
it,<\s>
<s>,you
you,do
do,it
it,<\s>
do,it
it,<\s>
do,it
it,<\s>
do,it
it,again
to,you
you,<\s>
to,you
you,<\s>
<s>,he
he,sitting
sitting,he
he,sitting
sitting,he
he,sitting
<s>,you
you,play
<s>,you
you,pipe
<s>,you
you,pipe
<s>,i
i,have
have,it
it,<\s>
<s>,he
he,go
<s>,i
i,pull
pull,it
it,<\s>
<s>,i
i,pull
<s>,i
i,<\s>
<s>,it
it,a
<s>,i
i,see
see,it
it,<\s>
<s>,i
i,pick
<s>,i
i,put
<s>,i
i,take
<s>,i
i,get
get,it
it,<\s>
<s>,i
i,sit
<s>,i
i,sitting
in,it
it,<\s>
in,it
it,<\s>
<s>,i
i,put
<s>,i
i,put
<s>,i
i,put
put,it
it,back
<s>,you
you,got
<s>,i
i,i
i,put
<s>,i
i,i
i,xxx
put,it
it,back
<s>,i
i,get
get,it
it,<\s>
<s>,i
i,xxx
find,it
it,<\s>
<s>,i
i,think
<s>,i
i,think
<s>,i
i,hold
hold,it
it,<\s>
sit,you
you,chair
<s>,i
i,peel
peel,it
it,<\s>
write,it
it,down
get,it
it,<\s>
<s>,i
i,cut
<s>,you
you,want
let,me
me,see
<s>,i
i,fall
<s>,you
you,step
<s>,i
i,drink
<s>,i
i,put
<s>,i
i,k
let,me
me,<\s>
am,i
i,doing
let,me
me,turn
<s>,i
i,turning
<s>,i
i,turning
<s>,i
i,put
<s>,i
i,put
<s>,i
i,put
<s>,we
we,make
le,me
me,play
<s>,i
i,playing
<s>,i
i,playing
<s>,i
i,playing
<s>,me
me,too
fix,it
it,out
<s>,i
i,sit
now,i
i,take
take,it
it,back
<s>,i
i,sit
sponge,i
i,can't
find,it
it,<\s>
no,i
i,dancing
<s>,i
i,drop
are,you
you,<\s>
<s>,i
i,have
cool,it
it,<\s>
let,me
me,cool
cool,it
it,<\s>
dry,it
it,<\s>
<s>,i
i,drop
drop,it
it,<\s>
<s>,i
i,put
fraser,i
i,havin
<s>,i
i,having
<s>,i
i,having
<s>,i
i,having
cool,it
it,<\s>
cool,it
it,<\s>
eating,you
you,<\s>
let,me
me,eat
eat,it
it,<\s>
<s>,i
i,having
<s>,me
me,too
<s>,he
he,eat
<s>,you
you,slow
let,me
me,get
get,it
it,<\s>
let,me
me,writing
peel,it
it,<\s>
peel,it
it,<\s>
<s>,you
you,get
<s>,i
i,find
find,it
it,<\s>
did,you
you,ever
sharpened,it
it,<\s>
cromer,i
i,put
dit,it
it,<\s>
<s>,i
i,put
dit,it
it,<\s>
sharpened,it
it,<\s>
sharpened,it
it,<\s>
<s>,i
i,have
xxx,it
it,<\s>
<s>,i
i,sharpen
let,me
me,see
see,it
it,<\s>
let,me
me,see
let,me
me,see
see,it
it,<\s>
<s>,me
me,come
<s>,me
me,come
put,it
it,<\s>
as,she
she,plays
cut,it
it,<\s>
cut,it
it,<\s>
<s>,i
i,have
<s>,i
i,drink
show,me
me,you
me,you
you,<\s>
show,me
me,you
me,you
you,<\s>
show,me
me,papa
<s>,i
i,drink
<s>,i
i,think
<s>,i
i,put
<s>,i
i,put
<s>,i
i,put
<s>,i
i,put
<s>,i
i,put
fraser,i
i,have
make,it
it,better
make,it
it,better
<s>,i
i,write
got,it
it,<\s>
<s>,i
i,writing
<s>,i
i,bring
<s>,i
i,goin
<s>,i
i,put
put,it
it,in
<s>,i
i,i
i,better
happen,it
it,<\s>
put,it
it,back
fix,it
it,<\s>
<s>,you
you,peeking
fraser,i
i,have
<s>,i
i,drop
<s>,i
i,better
fraser,i
i,still
fraser,i
i,drink
fraser,i
i,drink
<s>,i
i,write
<s>,i
i,have
put,it
it,down
put,it
it,down
what,i
i,fraser
<s>,me
me,too
<s>,i
i,write
<s>,i
i,write
let,me
me,have
le,me
me,see
le,me
me,see
<s>,i
i,put
<s>,i
i,have
<s>,i
i,have
<s>,i
i,put
<s>,i
i,put
put,them
them,in
look,i
i,have
mom,i
i,have
use,it
it,<\s>
use,it
it,<\s>
got,it
it,fraser
got,it
it,<\s>
to,you
you,<\s>
to,you
you,<\s>
to,you
you,<\s>
to,you
you,<\s>
<s>,i
i,put
<s>,i
i,tryin
fix,it
it,<\s>
<s>,i
i,have
<s>,i
i,have_to
wash,it
it,fraser
wash,it
it,<\s>
open,it
it,<\s>
open,it
it,fraser
open,it
it,<\s>
<s>,i
i,go
<s>,i
i,goin
fraser,i
i,go
fraser,i
i,forgot
put,it
it,on
fraser,i
i,xxx
<s>,i
i,have
fraser,i
i,have
fraser,i
i,have
put,it
it,right
<s>,i
i,can't
find,it
it,<\s>
<s>,i
i,can't
find,it
it,<\s>
<s>,i
i,can't
find,it
it,<\s>
<s>,i
i,play
turn,it
it,<\s>
turn,it
it,<\s>
<s>,i
i,put
<s>,i
i,want
<s>,i
i,put
<s>,i
i,gotta
<s>,i
i,put
<s>,i
i,gotta
<s>,i
i,can't
<s>,i
i,better
<s>,it
it,falled
<s>,it
it,falled
then,i
i,have
no,i
i,have_to
move,it
it,<\s>
fraser,i
i,have
<s>,she
she,slep
<s>,you
you,slep
<s>,i
i,bobbing
<s>,i
i,bobbing
let,me
me,see
put,it
it,in
let,me
me,hold
hold,it
it,<\s>
let,me
me,hold
hold,it
it,<\s>
tie,it
it,<\s>
<s>,i
i,tie
<s>,i
i,tying
<s>,i
i,go
<s>,i
i,get
look,it
it,<\s>
look,it
it,fraser
look,it
it,fraser
look,it
it,<\s>
look,it
it,<\s>
<s>,it
it,fall
tie,it
it,<\s>
look,it
it,<\s>
<s>,i
i,have_to
fraser,i
i,get
<s>,i
i,gotta
<s>,i
i,hava
fraser,i
i,get
<s>,i
i,can
<s>,i
i,can
<s>,i
i,have
<s>,i
i,want
<s>,i
i,want
want,i
i,want
<s>,i
i,spilled
spilled,it
it,<\s>
<s>,i
i,got
let,me
me,see
see,it
it,mom
let,me
me,have
have,it
it,<\s>
<s>,i
i,better
blow,it
it,<\s>
hold,it
it,<\s>
<s>,you
you,give
<s>,it
it,hot
<s>,i
i,got
<s>,i
i,bite
bite,it
it,<\s>
fraser,i
i,bit
in,it
it,<\s>
fraser,i
i,drinking
<s>,i
i,bit
in,it
it,<\s>
<s>,i
i,hit
<s>,it
it,have
<s>,it
it,have
<s>,it
it,have
have,it
it,<\s>
<s>,it
it,hat
<s>,it
it,hat
<s>,it
it,had
<s>,i
i,bit
in,it
it,<\s>
sue,i
i,bit
in,it
it,<\s>
<s>,i
i,bit
in,it
it,<\s>
<s>,i
i,bite
in,it
it,<\s>
<s>,i
i,bite
in,it
it,<\s>
<s>,i
i,sit
look,it
it,sarah
<s>,she
she,gonna
have,you
you,lunch
<s>,she
she,goin
<s>,it
it,too
yep,it
it,too
<s>,it
it,too
<s>,it
it,too
<s>,i
i,have
put,it
it,back
<s>,it
it,too
read,it
it,<\s>
<s>,you
you,have
<s>,i
i,have
no,you
you,pencil
<s>,me
me,too
<s>,you
you,write
in,you
you,briefcase
in,you
you,briefcase
<s>,it
it,going
<s>,it
it,going
<s>,i
i,write
<s>,i
i,get
no,i
i,got
op,it
it,<\s>
<s>,it
it,fall
<s>,i
i,better
<s>,i
i,go
throw,it
it,<\s>
<s>,i
i,throwing
<s>,i
i,have
<s>,i
i,making
<s>,i
i,making
look,it
it,<\s>
fix,it
it,with
fraser,i
i,throwing
<s>,i
i,fall
<s>,i
i,spill
<s>,i
i,spill
where,you
you,cookbook
fraser,i
i,lay
<s>,i
i,can't
see,you
you,<\s>
<s>,i
i,can't
see,you
you,<\s>
where,you
you,shoes
<s>,it
it,what
<s>,he
he,bringing
turn,it
it,again
do,it
it,again
doing,it
it,again
turn,it
it,<\s>
<s>,we
we,take
<s>,we
we,play
<s>,she
she,fall
let,me
me,have
have,it
it,<\s>
<s>,i
i,see
let,me
me,blow
<s>,i
i,turn
turn,it
it,<\s>
turn,it
it,<\s>
<s>,i
i,put
put,them
them,<\s>
<s>,i
i,put
<s>,i
i,don't
<s>,he
he,chirps
<s>,i
i,i
i,breaking
turn,it
it,<\s>
time,it
it,is
time,it
it,is
time,it
it,is
fraser,i
i,go
lunch,i
i,go
wearing,it
it,<\s>
no,i
i,don't
want,it
it,<\s>
<s>,i
i,go
fraser,i
i,get
fraser,i
i,get
<s>,i
i,write
<s>,it
it,falled
<s>,i
i,drinking
<s>,i
i,write
<s>,i
i,write
<s>,i
i,go
<s>,i
i,have
<s>,i
i,writing
<s>,i
i,writing
no,me
me,<\s>
taking,it
it,it
it,<\s>
fraser,i
i,put
put,it
it,in
let,me
me,<\s>
let,me
me,put
put,it
it,in
<s>,i
i,playing
with,it
it,<\s>
<s>,i
i,playing
with,it
it,<\s>
sue,we
we,have
pap,you
you,have
because,it
it,broke
<s>,it
it,broke
sue,you
you,goin
<s>,i
i,go
bring,it
it,hippity_hop
oh,it
it,came
do,it
it,for
for,me
me,<\s>
do,it
it,<\s>
do,it
it,<\s>
fix,it
it,for
for,me
me,<\s>
where,you
you,coffee
<s>,you
you,you
you,letter
let,me
me,read
read,it
it,for
for,you
you,<\s>
<s>,i
i,have
<s>,you
you,can't
in,you
you,pocket
<s>,we
we,go
put,it
it,in
<s>,we
we,go
put,you
you,glass
<s>,i
i,have
<s>,i
i,have
<s>,i
i,don
<s>,i
i,putting
<s>,i
i,putting
oh,i
i,dropped
<s>,i
i,putting
<s>,i
i,putting
sen,it
it,<\s>
<s>,i
i,putting
pap,you
you,put
papa,you
you,put
no,we
we,have
<s>,we
we,have
box,it
it,broke
<s>,it
it,broke
<s>,i
i,go
<s>,i
i,taking
<s>,we
we,go
<s>,i
i,go
bring,you
you,briefcase
mom,i
i,drink
<s>,i
i,go
fraser,you
you,do
<s>,he
he,writing
and,me
me,too
<s>,i
i,have
all,you
you,cream
all,you
you,cream
<s>,they
they,my
<s>,you
you,can
with,it
it,<\s>
<s>,i
i,seeing
seeing,it
it,it
it,<\s>
no,they
they,my
<s>,i
i,go
ride,it
it,<\s>
on,them
them,<\s>
<s>,they
they,kittens
<s>,you
you,know
know,i
i,said
let,me
me,sit
let,me
me,sit
for,me
me,<\s>
<s>,i
i,want
want,it
it,in
do,it
it,that
do,it
it,that
<s>,it
it,cold
<s>,i
i,want
<s>,i
i,want
<s>,i
i,fall
<s>,it
it,friend
<s>,i
i,don't
<s>,i
i,don't
<s>,i
i,want
xxx,you
you,have
fraser,i
i,eating
<s>,i
i,cracking
cracking,it
it,it
it,<\s>
cracking,it
it,it
it,<\s>
may,i
i,eat
can,i
i,have
sue,you
you,have
<s>,i
i,eating
<s>,i
i,eating
eating,it
it,it
it,<\s>
<s>,we
we,have
in,he
he,bed
may,i
i,have
hold,it
it,for
for,me
me,<\s>
for,me
me,<\s>
<s>,i
i,want
<s>,i
i,go
<s>,you
you,<\s>
<s>,i
i,go
oh,i
i,got
sue,you
you,don't
<s>,i
i,go
<s>,i
i,want
<s>,i
i,go
get,you
you,<\s>
<s>,i
i,go
that,you
you,briefcase
<s>,i
i,can't
<s>,i
i,xxx
<s>,i
i,go
fraser,it
it,too
for,you
you,<\s>
<s>,you
you,snap
snap,it
it,<\s>
<s>,she
she,xxx
tie,it
it,mommy
<s>,he
he,have
<s>,he
he,lost
<s>,he
he,lost
put,he
he,coat
snap,it
it,too
do,it
it,<\s>
do,it
it,<\s>
<s>,you
you,too
<s>,you
you,too
no,you
you,<\s>
sue,you
you,do
do,it
it,<\s>
<s>,i
i,can't
do,it
it,<\s>
<s>,i
i,go
<s>,i
i,go
<s>,i
i,see
see,you
you,an
an,you
you,pencil
<s>,we
we,writing
see,me
me,<\s>
see,me
me,<\s>
<s>,i
i,write
<s>,i
i,putting
d,you
you,want
<s>,i
i,go
<s>,i
i,go
<s>,i
i,go
put,it
it,down
<s>,it
it,stuck
<s>,it
it,stuck
<s>,i
i,pull
<s>,i
i,pull
<s>,i
i,pull
<s>,i
i,write
<s>,i
i,go
<s>,we
we,go
<s>,you
you,write
<s>,we
we,go
<s>,it
it,stuck
<s>,you
you,color
squirrel,i
i,go
what,we
we,go
<s>,i
i,go
<s>,i
i,go
bring,it
it,in
don't,you
you,pee
<s>,i
i,go
hammer,it
it,<\s>
<s>,i
i,go
<s>,you
you,hammer
<s>,you
you,hammer
<s>,you
you,hammer
sue,i
i,hurt
make,it
it,better
make,it
it,better
<s>,you
you,hammer
let,me
me,have
have,it
it,<\s>
get,it
it,out
let,me
me,do
do,it
it,<\s>
<s>,i
i,can't
<s>,you
you,do
do,it
it,<\s>
with,you
you,finger
see,me
me,hammer
<s>,i
i,doin
see,me
me,hammer
<s>,you
you,hammer
<s>,you
you,hammer
got,it
it,sideway
<s>,i
i,xxx
sue,i
i,go
two,i
i,<\s>
two,i
i,<\s>
that,it
it,<\s>
that's,it
it,<\s>
<s>,i
i,put
put,it
it,in
<s>,i
i,go
<s>,i
i,go
<s>,i
i,doing
doing,it
it,words
<s>,i
i,doing
<s>,i
i,doing
look,i
i,make
sue,i
i,want
<s>,i
i,want
<s>,we
we,going
<s>,you
you,go
watch,me
me,eat
<s>,it
it,fun
<s>,we
we,have
mommy,i
i,put
<s>,i
i,got
<s>,i
i,think
think,it
it,going
<s>,i
i,going
<s>,you
you,zip
<s>,you
you,zip
<s>,you
you,zip
zip,you
you,zip
let,me
me,play
let,me
me,play
<s>,it
it,go
<s>,you
you,put
no,it
it,a
<s>,it
it,going
<s>,i
i,go
let,me
me,have
have,it
it,<\s>
<s>,you
you,gonna
watch,me
me,watch
watch,me
me,eat
<s>,he
he,melted
<s>,he
he,melted
fraser,he
he,hat
and,he
he,and
and,he
he,scarf
sue,i
i,want
sue,i
i,want
<s>,it
it,time
an,you
you,<\s>
an,you
you,<\s>
mom,you
you,go
<s>,me
me,too
where,you
you,going
<s>,he
he,not
sue,we
we,eat
with,me
me,<\s>
<s>,he
he,all
hh,i
i,can't
my,i
i,can't
<s>,i
i,can't
<s>,i
i,use
<s>,i
i,writing
<s>,you
you,writing
<s>,me
me,too
<s>,it
it,a
<s>,you
you,buy
buy,it
it,<\s>
<s>,you
you,have
<s>,you
you,have
<s>,me
me,too
<s>,i
i,writing
<s>,i
i,writing
let,me
me,write
<s>,i
i,put
pencil,it
it,a
let,me
me,xxx
with,it
it,<\s>
<s>,you
you,open
<s>,i
i,have
<s>,you
you,op
op,it
it,<\s>
<s>,i
i,take
<s>,me
me,too
<s>,i
i,buy
<s>,i
i,buy
buy,it
it,<\s>
<s>,i
i,can't
with,it
it,<\s>
with,it
it,<\s>
<s>,i
i,can't
no,he
he,at
<s>,he
he,a
do,it
it,<\s>
<s>,i
i,can't
oh,i
i,dropped
dropped,it
it,<\s>
<s>,i
i,dropped
dropped,it
it,<\s>
<s>,i
i,can't
because,i
i,can't
<s>,i
i,go
<s>,i
i,go
<s>,i
i,go
<s>,you
you,read
read,you
you,read
no,you
you,read
read,it
it,to
to,me
me,<\s>
<s>,you
you,read
read,it
it,<\s>
<s>,you
you,read
read,it
it,<\s>
for,you
you,<\s>
<s>,i
i,don't
<s>,i
i,don't
<s>,it
it,clean
<s>,i
i,can't
<s>,i
i,can't
<s>,i
i,go
<s>,i
i,write
<s>,you
you,write
<s>,you
you,write
<s>,you
you,write
<s>,you
you,write
<s>,you
you,write
<s>,you
you,write
<s>,you
you,write
<s>,you
you,write
did,it
it,<\s>
put,it
it,away
for,you
you,<\s>
while,you
you,write
fraser,i
i,spell
for,you
you,<\s>
<s>,i
i,have
<s>,you
you,watch
watch,me
me,have
<s>,you
you,go
watch,me
me,have
this,i
i,my
<s>,i
i,buy
buy,it
it,<\s>
<s>,i
i,buy
buy,it
it,<\s>
<s>,i
i,eat
<s>,i
i,stare
at,you
you,<\s>
<s>,i
i,stare
at,you
you,<\s>
in,it
it,<\s>
in,it
it,<\s>
for,me
me,too
for,me
me,<\s>
for,me
me,<\s>
for,me
me,<\s>
for,me
me,<\s>
<s>,it
it,for
for,me
me,<\s>
<s>,you
you,go
soon,it
it,gets
<s>,it
it,hot
when,it
it,get
what,you
you,go
for,he
he,lunch
no,me
me,<\s>
<s>,me
me,<\s>
<s>,me
me,<\s>
what,you
you,doing
let,me
me,see
what's,he
he,doing
<s>,he
he,want
soon,she
she,eats
eats,her
her,lunch
eats,her
her,lunch
<s>,i
i,sick
<s>,i
i,getting
because,i
i,have
not,me
me,<\s>
<s>,i
i,don't
<s>,i
i,all
<s>,i
i,full
<s>,i
i,have
look,i
i,have
what,he
he,do
then,it
it,be
then,it
it,be
<s>,you
you,pick
with,me
me,<\s>
<s>,you
you,be
<s>,i
i,be
<s>,i
i,be
<s>,i
i,be
<s>,i
i,be
<s>,i
i,be
<s>,i
i,be
<s>,i
i,be
<s>,i
i,be
<s>,i
i,be
<s>,i
i,be
<s>,i
i,be
what,i
i,doing
<s>,you
you,come
<s>,you
you,come
<s>,i
i,go
<s>,i
i,go
<s>,i
i,go
<s>,i
i,go
<s>,i
i,have
<s>,i
i,go
<s>,i
i,get
<s>,i
i,can
<s>,he
he,draw
<s>,you
you,draw
<s>,you
you,draw
<s>,i
i,writing
<s>,i
i,writing
what,you
you,writing
on,you
you,man
for,you
you,<\s>
buying,it
it,for
for,me
me,<\s>
<s>,we
we,go
<s>,you
you,can
write,it
it,<\s>
<s>,he
he,a
<s>,he
he,have
that,he
he,mustache
<s>,i
i,go
take,it
it,take
take,it
it,<\s>
<s>,it
it,for
for,he
he,coffee
where,you
you,coat
that,you
you,you
you,buy
give,him
him,<\s>
<s>,i
i,drink
what,you
you,done
what,you
you,done
that,you
you,cough
that,you
you,print
that,you
you,print
that,you
you,print
that,you
you,mat
that,you
you,mat
see,you
you,<\s>
let,me
me,shut
<s>,i
i,pee
<s>,i
i,pee
that,you
you,coffee
that,you
you,coffee
<s>,you
you,being
<s>,i
i,writing
<s>,i
i,try
write,him
him,another
<s>,i
i,writing
writing,him
him,off
<s>,i
i,said
said,i
i,say
<s>,you
you,have
do,it
it,<\s>
let,me
me,do
let,me
me,do
do,it
it,on
oh,it
it,fall
<s>,you
you,hold
hold,it
it,<\s>
what,you
you,go
<s>,i
i,hold
hold,it
it,<\s>
<s>,it
it,got
<s>,it
it,got
<s>,i
i,smoothing
smoothing,it
it,it
it,<\s>
<s>,i
i,smoothing
<s>,you
you,color
<s>,you
you,color
don't,you
you,hand
<s>,you
you,hand
<s>,it
it,belong
<s>,you
you,have
put,it
it,back
oh,you
you,hold
hold,it
it,<\s>
<s>,i
i,go
<s>,it
it,it
it,my
<s>,it
it,my
<s>,it
it,red
<s>,it
it,green
<s>,i
i,go
<s>,i
i,have
oh,i
i,have
what,it
it,is
is,it
it,<\s>
is,it
it,<\s>
<s>,i
i,xxx
<s>,it
it,only
<s>,i
i,have
fraser,i
i,get
<s>,i
i,xxx
in,it
it,<\s>
<s>,i
i,want
no,i
i,need
mommy,i
i,have_to
can,i
i,have
for,you
you,and
<s>,you
you,do
<s>,i
i,spilled
on,me
me,<\s>
<s>,he
he,sitting
<s>,i
i,want
<s>,it
it,dirty
what,you
you,have
name,i
i,birthday
<s>,i
i,want
let,me
me,play
after,i
i,take
what,he
he,do
what,he
he,going
<s>,he
he,he'll
see,him
him,<\s>
see,him
him,<\s>
<s>,he
he,outside
let,me
me,see
<s>,you
you,open
for,me
me,<\s>
<s>,you
you,were
see,i
i,have
<s>,you
you,have
<s>,you
you,have
eat,it
it,<\s>
<s>,you
you,may
<s>,you
you,may
<s>,you
you,may
<s>,me
me,<\s>
no,you
you,you
you,may
have,it
it,<\s>
<s>,i
i,like
<s>,i
i,play
my,it
it,hurt
now,it
it,happiness
<s>,it
it,a
<s>,it
it,a
<s>,he
he,back
<s>,he
he,back
<s>,you
you,<\s>
who,i
i,see
who,i
i,see
do,i
i,see
do,i
i,see
do,i
i,see
do,i
i,see
let,me
me,play
with,he
he,in
<s>,i
i,going
<s>,i
i,going
and,you
you,going
with,me
me,<\s>
let,me
me,go
let,me
me,go
<s>,you
you,turn
turn,it
it,<\s>
xxx,you
you,doing
what,you
you,doing
<s>,you
you,have
let,me
me,see
no,i
i,go
<s>,you
you,wipe
<s>,you
you,you
you,turn
turn,it
it,<\s>
<s>,you
you,turn
turn,it
it,<\s>
<s>,i
i,had
xxx,me
me,doing
<s>,it
it,for
<s>,i
i,have
for,you
you,<\s>
<s>,i
i,get
<s>,i
i,can
by,you
you,<\s>
wha,we
we,to
<s>,i
i,color
<s>,you
you,color
sue,i
i,take
sue,i
i,going
<s>,me
me,too
<s>,i
i,go
help,you
you,<\s>
<s>,you
you,you
you,you
you,close
close,it
it,<\s>
<s>,i
i,want
<s>,i
i,need
<s>,i
i,want
xxx,we
we,all
with,it
it,<\s>
<s>,we
we,all
<s>,i
i,turn
turn,it
it,<\s>
<s>,i
i,want
<s>,i
i,want
look,it
it,fraser
because,he
he,have
<s>,i
i,think
wind,him
him,so_that
so_that,he
he,walk
<s>,you
you,can
can,you
you,can
that,he
he,can
<s>,he
he,walk
<s>,you
you,make
<s>,he
he,goin
get,you
you,a
get,you
you,a
get,you
you,a
<s>,he
he,make
<s>,i
i,make
<s>,i
i,have
<s>,it
it,growing
<s>,i
i,go
sha,we
we,make
<s>,i
i,fall
<s>,i
i,fall
<s>,we
we,make
make,it
it,green
shall,we
we,make
make,it
it,green
shall,we
we,make
make,it
it,green
<s>,i
i,make
<s>,you
you,make
<s>,you
you,make
make,it
it,right
<s>,you
you,make
make,it
it,there
shall,we
we,get
now,we
we,have
<s>,you
you,put
<s>,it
it,a
with,it
it,<\s>
<s>,you
you,make
so,we
we,have
so,we
we,have
so,we
we,have
<s>,i
i,making
<s>,i
i,making
<s>,i
i,making
<s>,i
i,making
<s>,i
i,going
<s>,i
i,making
write,it
it,this
<s>,you
you,write
shall,we
we,make
shall,we
we,make
shall,we
we,make
shall,we
we,make
<s>,you
you,make
<s>,we
we,make
<s>,you
you,make
on,he
he,tail
<s>,i
i,want
<s>,i
i,have_to
no,i
i,have_to
see,me
me,eat
<s>,they
they,go
see,me
me,eating
go,they
they,go
see,me
me,eat
<s>,they
they,go
see,me
me,eat
<s>,they
they,go
see,me
me,eat
what,we
we,go
what,you
you,go
<s>,we
we,guess
guess,i
i,will
<s>,he
he,in
for,me
me,<\s>
<s>,i
i,want
of,it
it,of
of,it
it,too
remember,we
we,went
<s>,i
i,want
of,it
it,<\s>
<s>,it
it,can
<s>,it
it,just
in,he
he,study
<s>,i
i,spilled
spilled,it
it,on
<s>,i
i,want
want,i
i,want
an,i
i,go
eat,it
it,<\s>
oop,i
i,spilled
spilled,it
it,<\s>
on,it
it,<\s>
sue,i
i,want
if,i
i,can
blow,it
it,up
if,you
you,can
get,it
it,untied
<s>,you
you,trying
<s>,i
i,can
blow,it
it,up
<s>,you
you,can't
<s>,i
i,can
<s>,i
i,trying
blow,it
it,up
sue,you
you,take
out_of,it
it,<\s>
<s>,i
i,trying
blow,it
it,up
blow,it
it,up
sit,her
her,on
<s>,i
i,trying
blow,it
it,up
there,i
i,blow
blow,it
it,up
there,i
i,blow
blow,it
it,up
<s>,i
i,can't
there,i
i,blow
blow,it
it,up
<s>,i
i,blow
<s>,i
i,have
blow,it
it,up
<s>,i
i,can
<s>,i
i,can
blow,it
it,in
lick,it
it,<\s>
what,i
i,doing
<s>,i
i,can't
blow,it
it,up
<s>,i
i,can't
blow,it
it,up
<s>,you
you,can
blow,it
it,up
there,it
it,has
in,it
it,<\s>
blow,it
it,up
an,me
me,can't
blow,it
it,up
because,it
it,have
in,it
it,<\s>
<s>,it
it,have
<s>,i
i,can
<s>,i
i,can't
because,it
it,has
in,it
it,<\s>
no,me
me,<\s>
<s>,we
we,can't
<s>,we
we,can't
let,me
me,put
put,it
it,back
<s>,i
i,try
let,me
me,put
put,it
it,<\s>
hold,it
it,for
for,me
me,<\s>
<s>,we
we,can't
because,we
we,have
<s>,it
it,can't
<s>,it
it,can't
sue,i
i,go
is,them
them,<\s>
an,it
it,in
<s>,we
we,saved
<s>,you
you,wind
wind,it
it,<\s>
<s>,i
i,go
turn,it
it,<\s>
<s>,i
i,trying
oh,i
i,drop
xxx,it
it,<\s>
<s>,you
you,writing
<s>,i
i,winding
winding,it
it,<\s>
<s>,you
you,wind
while,i
i,ride
<s>,i
i,have
<s>,i
i,have
<s>,i
i,can
that,it
it,<\s>
because,it
it,has
on,it
it,<\s>
<s>,i
i,go
xxx,you
you,doing
taking,it
it,to
<s>,you
you,go
take,it
it,some
<s>,i
i,go
in,it
it,<\s>
with,me
me,<\s>
let,me
me,go
oh,i
i,can't
<s>,i
i,go
<s>,i
i,xxx
<s>,i
i,can't
<s>,i
i,can't
<s>,you
you,<\s>
<s>,i
i,xxx
<s>,we
we,gonna
<s>,i
i,got
on,it
it,<\s>
<s>,i
i,trying
<s>,you
you,do
do,it
it,<\s>
<s>,you
you,do
do,it
it,<\s>
there,i
i,get
get,it
it,fix
on,it
it,<\s>
an,it
it,go
as,me
me,<\s>
as,me
me,<\s>
fast,me
me,too
<s>,i
i,have
<s>,i
i,have
sue,you
you,do
do,it
it,for
for,me
me,<\s>
what,you
you,go
to,it
it,<\s>
an,i
i,go
do,it
it,too
with,you
you,<\s>
now,i
i,get
what,i
i,do
<s>,i
i,tripped
now,we
we,get
putting,them
them,<\s>
<s>,i
i,building
<s>,i
i,can't
blow,it
it,up
because,i
i,can't
because,i
i,can't
blow,it
it,up
because,it
it,just
because,i
i,have
tell,you
you,<\s>
because,i
i,xxx
because,i
i,can't
blow,it
it,up
because,i
i,can't
because,it
it,doesn't
in,it
it,<\s>
because,i
i,i
i,don't
where,you
you,put
put,it
it,<\s>
<s>,i
i,fix
fix,it
it,<\s>
<s>,i
i,go
o,you
you,do
do,it
it,<\s>
<s>,it
it,too
<s>,i
i,play
because,we
we,have
make,it
it,<\s>
in,it
it,<\s>
in,it
it,then
is,them
them,<\s>
<s>,we
we,saw
saw,it
it,<\s>
<s>,i
i,go
put,them
them,on
<s>,i
i,put
put,them
them,on
oh,it
it,too
what,you
you,doing
what,i
i,do
to,it
it,<\s>
oh,it
it,only
an,we
we,can't
see,it
it,<\s>
<s>,it
it,far
an,we
we,can't
find,it
it,<\s>
no,you
you,do
do,it
it,<\s>
<s>,it
it,stops
<s>,i
i,go
on,it
it,<\s>
<s>,we
we,need
<s>,we
we,need
sue,we
we,have
sue,i
i,can't
because,i
i,can't
an,we
we,need
an,we
we,need
<s>,i
i,can't
push,it
it,together
<s>,i
i,can't
sue,i
i,want
<s>,i
i,want
watch,me
me,eat
<s>,i
i,say
an,they
they,go
let,me
me,have
let,me
me,share
an,me
me,too
in,it
it,<\s>
<s>,you
you,put
in,it
it,<\s>
<s>,i
i,want
<s>,i
i,want
sue,i
i,goin
sue,i
i,want
want,i
i,want
want,i
i,want
<s>,i
i,goin
<s>,they
they,clean
let,me
me,wash
wash,them
them,<\s>
xxx,you
you,pouring
an,i
i,gonna
sue,i
i,go
work,it
it,<\s>
no,i
i,show
how,i
i,show
<s>,i
i,can't
show,it
it,how
how,i
i,can
show,it
it,how
<s>,i
i,wa
wa,i
i,want
how,i
i,show
show,it
it,to
<s>,i
i,was
because,i
i,i
i,caught
<s>,i
i,catch
an,i
i,<\s>
<s>,i
i,i
i,want
<s>,it
it,fizzing
<s>,i
i,want
in,it
it,<\s>
cold,it
it,<\s>
time,we
we,go
time,we
we,go
time,we
we,go
<s>,they
they,play
are,you
you,folding
let,me
me,do
do,it
it,too
<s>,i
i,have
<s>,i
i,folding
<s>,i
i,can
sue,i
i,go
<s>,i
i,xxx
saturday,i
i,watch
watch,them
them,<\s>
<s>,they
they,xxx
<s>,i
i,have_to
we've,we
we,told
when,we
we,go
an,we
we,have
put,it
it,in
put,it
it,in
<s>,they
they,come
sue,i
i,go
oh,you
you,<\s>
<s>,you
you,fold
fold,it
it,<\s>
for,me
me,<\s>
sue,i
i,i
i,spilled
<s>,i
i,go
<s>,i
i,can
fold,them
them,<\s>
sue,they
they,go
<s>,i
i,go
<s>,i
i,go
<s>,i
i,go
for,you
you,<\s>
what,me
me,fold
an,i
i,fold
<s>,i
i,can
fold,it
it,with
with,you
you,<\s>
<s>,it
it,too
for,me
me,<\s>
<s>,i
i,can't
do,it
it,<\s>
when,i
i,get
and,they
they,have
and,you
you,have
have,you
you,shoes
and,i
i,have
<s>,they
they,all
<s>,they
they,all
<s>,i
i,go
take,them
them,upset
may,i
i,whistle
<s>,you
you,have
have,you
you,pants
<s>,you
you,have
have,you
you,pants
wake,her
her,up
let,me
me,see
let,me
me,see
see,her
her,<\s>
<s>,i
i,go
<s>,i
i,go
<s>,we
we,can't
<s>,i
i,go
way,i
i,go
<s>,i
i,go
<s>,he
he,laying
what's,it
it,doing
xxx,them
them,going
<s>,i
i,go
<s>,i
i,drink
<s>,i
i,want
let,me
me,eat
home,he
he,can
wipe,it
it,<\s>
<s>,i
i,want
<s>,i
i,go
move,it
it,<\s>
<s>,you
you,move
for,me
me,please
<s>,you
you,put
<s>,you
you,push
push,it
it,up
<s>,i
i,want
<s>,i
i,want
<s>,i
i,want
want,it
it,<\s>
<s>,i
i,want
what,you
you,go
<s>,we
we,have
<s>,we
we,do
<s>,i
i,want
<s>,he
he,told
told,me
me,i
me,i
i,<\s>
<s>,i
i,want
<s>,you
you,writing
with,you
you,pencil
with,he
he,pencil
that,he
he,pencil
has,he
he,glasses
<s>,he
he,have
have,them
them,on
on,he
he,he
he,head
tell,me
me,fraser
tell,me
me,i
me,i
i,have
m,they
they,did
<s>,it
it,white
<s>,it
it,has
<s>,i
i,already
sue,i
i,eating
<s>,you
you,have
<s>,you
you,have
an,i
i,not
<s>,i
i,broke
broke,them
them,<\s>
sue,i
i,can
<s>,i
i,wear
<s>,i
i,don't
like,i
i,like
what,you
you,what
what,you
you,have
on,you
you,nose
what,you
you,was
on,you
you,nose
sue,i
i,saying
<s>,i
i,said
<s>,he
he,saying
are,you
you,doing
a,you
you,doing
because,i
i,can't
<s>,i
i,can't
<s>,i
i,don't
then,they
they,have
what,me
me,doing
to,you
you,<\s>
pushing,you
you,around
because,i
i,don't
want,you
you,<\s>
<s>,you
you,won't
what,it
it,name
yes,i
i,want
<s>,i
i,want
what,you
you,do
are,you
you,getting
why,you
you,wipe
why,you
you,wipe
sue,you
you,spilled
spilled,it
it,on
on,you
you,<\s>
<s>,it
it,goin
what,you
you,have
in,you
you,mouth
let,me
me,see
see,it
it,all_gone
let,me
me,see
yes,i
i,chew
chew,them
them,up
but,i
i,don't
eat,them
them,<\s>
<s>,i
i,getting
<s>,they
they,don't
in,them
them,<\s>
<s>,you
you,sitting
chair,we
we,bought
let,me
me,see
let,me
me,see
<s>,i
i,have
<s>,we
we,all
are,you
you,doing
<s>,we
we,tell
tell,we
we,say
when,we
we,go
that,i
i,cromer
xxx,he
he,lunch
what,we
we,eating
what,i
i,say
<s>,i
i,said
sue,you
you,sing
sing,it
it,with
with,me
me,<\s>
sing,it
it,with
with,me
me,<\s>
let,me
me,turn
when,you
you,wasn't
<s>,i
i,don't
sue,you
you,you
you,ironed
<s>,i
i,want
with,you
you,<\s>
when,he
he,take
what,i
i,doing
on,it
it,<\s>
<s>,it
it,red
<s>,you
you,get
do,it
it,<\s>
<s>,i
i,want
let,me
me,taste
taste,it
it,a
<s>,it
it,grape
getting,me
me,some
<s>,i
i,go
<s>,you
you,have
<s>,you
you,want
on,you
you,a
<s>,i
i,goin
with,you
you,<\s>
<s>,i
i,go
by,you
you,coffee
<s>,i
i,hab
write,he
he,finger
write,he
he,finger
write,he
he,finger
<s>,it
it,a
<s>,i
i,drink
drink,you
you,coffee
mommy,i
i,have
<s>,i
i,go
make,it
it,<\s>
<s>,i
i,go
<s>,i
i,laying
<s>,you
you,not
take,it
it,away
have,it
it,<\s>
<s>,you
you,go
away,i
i,go
have,it
it,<\s>
<s>,it
it,belong
where,it
it,goed
bite,it
it,<\s>
<s>,i
i,bite
bite,it
it,<\s>
no,i
i,don't
bite,it
it,<\s>
<s>,i
i,go
home,i
i,go
<s>,i
i,want
no,i
i,don't
with,me
me,<\s>
sing,it
it,with
with,me
me,<\s>
<s>,you
you,sing
with,me
me,<\s>
do,it
it,with
with,me
me,<\s>
<s>,i
i,go
<s>,i
i,want
<s>,i
i,want
<s>,i
i,seeing
having,he
he,lunch
<s>,i
i,want
<s>,it
it,time
see,me
me,have
move,it
it,<\s>
<s>,i
i,want
<s>,you
you,made
wipe,it
it,off
watch,me
me,eat
<s>,it
it,don't
in,it
it,<\s>
in,it
it,<\s>
<s>,you
you,don't
<s>,you
you,don't
that,you
you,jacket
what,it
it,got
<s>,i
i,like
<s>,i
i,can't
eat,it
it,<\s>
<s>,i
i,eat
<s>,i
i,eat
what,you
you,do
<s>,you
you,xxx
with,he
he,arm
<s>,i
i,goin
<s>,i
i,have
remember,we
we,goed
when,i
i,wake
<s>,we
we,go
when,i
i,wake
<s>,you
you,have
have,you
you,have
<s>,you
you,hab
<s>,we
we,all
let,me
me,peel
peel,it
it,<\s>
<s>,i
i,wanna
peel,it
it,<\s>
<s>,i
i,wanna
peel,it
it,<\s>
<s>,he
he,sitting
<s>,i
i,want
and,i
i,go
eat,it
it,too
<s>,you
you,say
<s>,you
you,say
with,you
you,cheese
<s>,i
i,say
<s>,i
i,want
<s>,i
i,want
<s>,i
i,want
please,i
i,want
let,me
me,cut
let,me
me,cut
cut,it
it,in
<s>,you
you,cut
cut,it
it,in
bite,it
it,this
<s>,i
i,go
let,me
me,have
have,it
it,<\s>
after,i
i,eat
lunch,i
i,gonna
eat,it
it,<\s>
<s>,it
it,to
and,he
he,didn't
<s>,he
he,goed
<s>,he
he,went
<s>,i
i,want
a,i
i,want
take,me
me,up
<s>,we
we,be
<s>,he
he,going
<s>,he
he,going
let,me
me,see
see,it
it,<\s>
see,it
it,<\s>
see,it
it,<\s>
sue,you
you,turn
because,i
i,want
hear,it
it,<\s>
<s>,i
i,want
<s>,i
i,we
i,we
we,want
hear,it
it,<\s>
<s>,i
i,don't
hear,it
it,<\s>
eat,it
it,<\s>
what,you
you,eat
eat,it
it,<\s>
<s>,i
i,making
<s>,i
i,making
<s>,you
you,and
and,me
me,<\s>
<s>,we
we,don't
<s>,you
you,and
<s>,you
you,and
<s>,we
we,all
<s>,he
he,go
<s>,i
i,seeing
<s>,it
it,nap
when,me
me,see
see,he
he,again
<s>,we
we,have_to
what,you
you,sink
<s>,you
you,put
<s>,i
i,wake
to,you
you,<\s>
<s>,you
you,sing
<s>,you
you,go
<s>,it
it,staying
let,me
me,see
see,it
it,dripping
sue,you
you,turn
turn,it
it,and
let,me
me,see
see,it
it,drip
<s>,i
i,going
going,i
i,going
<s>,i
i,can't
<s>,they
they,short
have,you
you,have
and,they
they,got
<s>,i
i,can't
put,them
them,down
let,me
me,play
<s>,i
i,want
<s>,i
i,want
look,they
they,holes
<s>,you
you,get
on,her
her,<\s>
<s>,i
i,want
carry,it
it,<\s>
<s>,i
i,go
watch,you
you,<\s>
<s>,i
i,go
have,it
it,in
papa,i
i,want
<s>,i
i,i
i,have
sue,i
i,i
i,i
i,want
want,it
it,off
take,it
it,off
<s>,it
it,will
<s>,i
i,going
no,it
it,not
<s>,you
you,drinked
<s>,i
i,go
<s>,i
i,i
i,getting
on,it
it,<\s>
sue,i
i,wa
way,i
i,got
yes,it
it,a
on,it
it,<\s>
<s>,it
it,not
what,you
you,doing
<s>,they
they,xxx
let,me
me,get
no,you
you,move
<s>,i
i,writing
yep,you
you,write
<s>,i
i,don't
how_about,i
i,use
xxx,you
you,pads
there,it
it,is
<s>,i
i,have
see,i
i,write
<s>,i
i,go
<s>,i
i,writing
<s>,i
i,go
<s>,i
i,writing
writing,he
he,a
<s>,i
i,go
for,me
me,<\s>
<s>,i
i,go
for,you
you,<\s>
but,i
i,go
write,you
you,a
<s>,you
you,see
<s>,i
i,draw
draw,you
you,a
draw,me
me,a
<s>,you
you,write
<s>,you
you,write
<s>,i
i,have
with,he
he,pencil
<s>,we
we,writing
what,me
me,doing
give,me
me,a
sue,i
i,can't
<s>,it
it,hot
wash,it
it,off
when,i
i,take
wash,it
it,off
when,i
i,take
<s>,i
i,go
then,you
you,write
<s>,you
you,write
no,you
you,<\s>
<s>,you
you,write
<s>,you
you,write
is,it
it,<\s>
a,i
i,see
see,it
it,<\s>
<s>,i
i,want
want,i
i,want
what,you
you,goin
<s>,you
you,gonna
<s>,i
i,let
let,me
me,hear
hear,you
you,to
<s>,she
she,looking
at,me
me,<\s>
when,you
you,have
have,you
you,hammer
what,me
me,doing
<s>,you
you,eating
i'm,i
i,not
because,i
i,eve_cummings
<s>,i
i,talking
<s>,i
i,will
<s>,i
i,be
and,i
i,will
hear,her
her,<\s>
doing,it
it,again
<s>,he
he,wearing
<s>,he
he,go
put,them
them,away
have,he
he,glasses
<s>,he
he,funny
are,you
you,doing
there,he
he,put
put,them
them,away
<s>,he
he,look
<s>,he
he,won't
wear,them
them,<\s>
am,i
i,doing
<s>,you
you,tell
tell,him
him,he
him,he
he,have
<s>,you
you,ask
ask,him
him,<\s>
do,you
you,have
<s>,he
he,said
<s>,he
he,buy
buy,them
them,all
<s>,he
he,weared
wore,them
them,<\s>
<s>,i
i,want
<s>,we
we,be
<s>,he
he,listening
<s>,he
he,listening
<s>,i
i,want
with,me
me,<\s>
<s>,i
i,want
<s>,i
i,want
<s>,i
i,want
eat,it
it,in
<s>,you
you,and
and,i
i,have
<s>,i
i,xxx
<s>,i
i,peeking
<s>,i
i,want
<s>,it
it,my
fixed,it
it,for
for,me
me,<\s>
found,it
it,for
for,me
me,in
<s>,i
i,did
did,it
it,<\s>
then,i
i,may
with,them
them,<\s>
<s>,i
i,want
<s>,i
i,want
a,i
i,eating
<s>,it
it,not
<s>,he
he,put
put,he
he,hat
<s>,they
they,trying
catch,him
him,<\s>
<s>,they
they,have
<s>,he
he,going
and,he
he,and
and,he
he,won't
see,him
him,anymore
now,he
he,back
<s>,he
he,on
<s>,he
he,open
open,he
he,mouth
<s>,he
he,a
<s>,it
it,came
<s>,he
he,xxx
<s>,he
he,working
yep,i
i,goes
and,i
i,and
and,i
i,and
and,i
i,can't
and,i
i,can't
see,you
you,you
you,and
an,i
i,gone
and,i
i,was
there,it
it,is
<s>,he
he,he
he,wiping
that,i
i,spill
<s>,it
it,xxx
<s>,i
i,put
put,i
i,put
<s>,he
he,eating
<s>,he
he,eating
<s>,me
me,<\s>
<s>,he
he,running
because,he
he,going
<s>,he
he,he
he,putting
on,he
he,coat
because,he
he,have
<s>,they
they,trying
find,him
him,<\s>
<s>,he
he,all_gone
<s>,he
he,he
he,went
because,he
he,all_gone
but,he
he,isn't
<s>,they
they,sad
because,they
they,can't
because,i
i,isn't
isn't,i
i,i
i,not
sad,i
i,a
<s>,they
they,trying
<s>,they
they,go
on,he
he,coat
fly,it
it,<\s>
swim,it
it,<\s>
<s>,he
he,he
he,he
he,just
with,he
he,hat
<s>,you
you,wipe
wipe,it
it,up
<s>,you
you,wipe
wipe,it
it,up
<s>,me
me,<\s>
<s>,i
i,all
<s>,he
he,my
<s>,she
she,run
<s>,he
he,talk
<s>,he
he,looking
at,me
me,<\s>
for,me
me,<\s>
what,i
i,doing
what,i
i,doing
what,i
i,doing
here,i
i,come
no,it
it,isn't
<s>,it
it,isn't
no,it
it,isn't
isn't,i
i,said
<s>,i
i,holding
<s>,i
i,i'm
<s>,i
i,walking
sue,i
i,want
<s>,it
it,on
here,it
it,comes
<s>,it
it,off
<s>,it
it,off
when,i
i,goed
and,i
i,didn't
see,you
you,and
and,i
i,<\s>
<s>,i
i,falled
<s>,i
i,sat
<s>,i
i,sat
<s>,it
it,flies
<s>,i
i,running
<s>,we
we,came
<s>,it
it,flies
<s>,it
it,fly
throw,it
it,in
<s>,you
you,write
for,me
me,<\s>
<s>,he
he,making
making,he
he,make
oh,you
you,you
you,put
put,you
you,finger
for,me
me,two
for,me
me,<\s>
<s>,you
you,you
you,write
<s>,i
i,go
<s>,he
he,write
<s>,he
he,taking
then,we
we,could
<s>,you
you,write
write,he
he,finger
write,he
he,finger
<s>,you
you,write
<s>,you
you,write
for,me
me,<\s>
<s>,you
you,write
<s>,they
they,dirty
<s>,i
i,eat
eat,i
i,eat
eat,it
it,all
let,me
me,see
see,you
you,tongue
let,me
me,see
lady,her
her,tongue
what,you
you,xxx
no,he
he,said
<s>,he
he,sneezing
<s>,i
i,sitting
<s>,i
i,didn't
<s>,i
i,didn't
get,i
i,have_to
get,it
it,<\s>
<s>,it
it,a
is,it
it,<\s>
yes,i
i,am
oh,i
i,see
yes,it
it,is
sue,i
i,want
<s>,we
we,i'll
<s>,i
i,want
s,i
i,want
<s>,i
i,want
is,it
it,<\s>
<s>,i
i,want
what,you
you,cooking
xxx,you
you,cutting
cutting,it
it,<\s>
cutting,it
it,<\s>
<s>,we
we,have
big,you
you,can
like,me
me,<\s>
then,we
we,both
what,you
you,having
what,you
you,doing
<s>,i
i,want
did,you
you,doed
no,you
you,say
<s>,they
they,xxx
<s>,they
they,xxx
<s>,she
she,feels
<s>,you
you,do
for,me
me,<\s>
sing,i
i,been
are,you
you,eating
take,he
he,nap
then,he
he,be
<s>,i
i,telling
xxx,he
he,nap
in,her
her,study
in,he
he,study
let,me
me,see
see,her
her,tapioca
<s>,we
we,forgot
<s>,i
i,want
<s>,we
we,forgot
<s>,i
i,i
i,forgot
<s>,we
we,goed
a,i
i,falled
what,i
i,doing
did,you
you,doed
did,you
you,do
did,you
you,do
<s>,i
i,not
see,you
you,anymore
yep,you
you,have
xxx,you
you,have
and,i
i,go
see,you
you,<\s>
after,i
i,have
when,i
i,wake
when,i
i,wake
when,i
i,wake
what,he
he,doing
<s>,you
you,silly
<s>,i
i,go
for,you
you,toy
<s>,it
it,says
mine,it
it,it
it,little
<s>,i
i,forget
and,he
he,sat
beside,her
her,<\s>
for,you
you,<\s>
<s>,you
you,not
and,you
you,fraser
here,i
i,come
here,i
i,come
<s>,we
we,forgot
<s>,i
i,that
a,you
you,falling
<s>,we
we,go
sue,she
she,playing
hi,you
you,go
what,he
he,doing
let,me
me,let
when,i
i,wake
up,i
i,can
what,i
i,doing
to,you
you,<\s>
because,i
i,because
because,i
i,xxx
xxx,i
i,go
of,it
it,<\s>
<s>,i
i,go
of,it
it,<\s>
because,i
i,in
<s>,i
i,i
i,push
push,it
it,back
o,i
i,pushing
pushing,it
it,back
<s>,i
i,go
push,it
it,right
to,you
you,<\s>
then,i
i,get
then,i
i,push
of,it
it,there
how,i
i,get
how,i
i,get
how,i
i,get
how,i
i,push
push,it
it,back
how,i
i,push
push,it
it,back
how,i
i,push
push,it
it,back
no,i
i,pushing
pushing,it
it,<\s>
<s>,you
you,colin
for,you
you,<\s>
<s>,i
i,drawing
<s>,i
i,go
<s>,i
i,trying
<s>,i
i,write
<s>,i
i,have
one,you
you,have
<s>,he
he,pencil
with,me
me,<\s>
turn,it
it,this
<s>,you
you,make
make,you
you,make
for,me
me,<\s>
<s>,you
you,make
<s>,you
you,make
for,me
me,<\s>
put,it
it,put
put,it
it,round
<s>,you
you,take
on,it
it,<\s>
<s>,i
i,make
<s>,i
i,hurt
sue,i
i,have
papa,you
you,fix
fix,it
it,my
<s>,it
it,have
<s>,i
i,suck
<s>,i
i,wanna
read,it
it,<\s>
<s>,i
i,wanna
read,it
it,<\s>
papa,you
you,papa
papa,you
you,want
read,it
it,for
for,me
me,<\s>
no,i
i,can
to,me
me,<\s>
<s>,you
you,want
read,it
it,for
for,me
me,<\s>
no,he
he,go
<s>,you
you,may
for,me
me,<\s>
<s>,you
you,say
say,you
you,have_to
for,me
me,<\s>
<s>,you
you,say
<s>,i
i,i
i,xxx
<s>,i
i,can't
on,it
it,<\s>
<s>,you
you,xxx
yep,you
you,get
<s>,i
i,putting
putting,them
them,on
so_that,i
i,can
<s>,we
we,go
for,me
me,<\s>
on,it
it,again
<s>,i
i,take
<s>,i
i,take
what,she
she,doing
<s>,i
i,on
<s>,you
you,you
you,write
so_that,i
i,can
xxx,you
you,<\s>
<s>,you
you,write
<s>,you
you,already
<s>,you
you,write
<s>,i
i,get
<s>,i
i,went
when,we
we,went
and,it
it,shut
<s>,you
you,write
sue,i
i,go
<s>,i
i,bounce
bounce,you
you,<\s>
<s>,you
you,like
<s>,i
i,hurt
<s>,i
i,hurt
<s>,we
we,pretend
<s>,you
you,your
<s>,you
you,your
are,her
her,feet
<s>,i
i,have
hey,you
you,better
on,you
you,toes
<s>,i
i,sitting
on,you
you,toes
<s>,i
i,sitting
on,you
you,legs
like,you
you,<\s>
what,she
she,doing
<s>,you
you,have_to
read,it
it,for
for,me
me,<\s>
read,it
it,<\s>
<s>,you
you,read
for,me
me,<\s>
read,it
it,<\s>
<s>,you
you,have
<s>,i
i,going
<s>,i
i,going
of,it
it,<\s>
<s>,i
i,want
gave,me
me,<\s>
sue,i
i,have
<s>,i
i,falled
sue,i
i,want
<s>,i
i,washed
washed,it
it,<\s>
<s>,i
i,washed
because,i
i,spill
<s>,you
you,forgot
drop,he
he,rattle
mom,you
you,washing
<s>,i
i,wanna
<s>,i
i,be
sue,i
i,want
drink,you
you,head
wash,it
it,up
send,it
it,to
stick,you
you,head
stick,you
you,head
wash,it
it,up
send,it
it,to
<s>,i
i,want
<s>,i
i,want
<s>,i
i,be
member,i
i,be
xxx,you
you,doing
<s>,you
you,<\s>
what,you
you,have
on,you
you,finger
no,i
i,don't
<s>,i
i,don't
mayonnaise,i
i,have
<s>,i
i,want
<s>,i
i,sing
<s>,you
you,have
<s>,you
you,have
<s>,i
i,want
<s>,you
you,have
now,i
i,want
<s>,i
i,want
<s>,i
i,want
<s>,i
i,i
i,want
<s>,i
i,want
<s>,i
i,want
<s>,i
i,want
<s>,i
i,putting
putting,it
it,on
<s>,i
i,clean
clean,it
it,off
<s>,i
i,clean
clean,it
it,off
xxx,it
it,on
<s>,i
i,turn
turn,it
it,round
<s>,i
i,go
clean,it
it,off
cleaning,it
it,off
eat,it
it,<\s>
<s>,i
i,go
fraser,you
you,want
<s>,you
you,clean
clean,it
it,off
<s>,you
you,clean
clean,it
it,off
<s>,you
you,clean
clean,it
it,off
cleaning,it
it,off
<s>,i
i,clean
xxx,it
it,off
no,you
you,eve
eve,you
you,fraser
sue,i
i,want
<s>,you
you,give
give,me
me,something
<s>,you
you,cook
<s>,you
you,stir
sue,i
i,go
there,it
it,goes
<s>,i
i,did
<s>,i
i,did
<s>,i
i,did
<s>,i
i,need
<s>,i
i,want
<s>,i
i,want
<s>,i
i,want
<s>,i
i,want
for,he
he,cup
<s>,i
i,want
<s>,i
i,want
want,them
them,<\s>
remember,we
we,had
<s>,you
you,want
<s>,i
i,having
because,i
i,like
like,them
them,<\s>
<s>,you
you,do
<s>,i
i,see
<s>,i
i,eat
<s>,it
it,standing
so,you
you,can
cut,it
it,<\s>
<s>,it
it,xxx
<s>,you
you,have
<s>,you
you,and
<s>,i
i,find
find,it
it,<\s>
<s>,i
i,find
find,it
it,<\s>
oh,i
i,want
<s>,i
i,don
<s>,i
i,want
<s>,i
i,want
<s>,i
i,want
eat,them
them,<\s>
<s>,i
i,wanna
<s>,i
i,cooled
cooled,them
them,<\s>
<s>,they
they,cold
an,you
you,too
just,you
you,an
an,i
i,had
<s>,it
it,not
<s>,he
he,lives
<s>,they
they,brown
<s>,we
we,have
of,them
them,and
because,we
we,have
<s>,it
it,went
remember,we
we,remember
remember,we
we,fixed
<s>,i
i,remember
<s>,i
i,too
<s>,me
me,too
an,you
you,didn't
with,us
us,<\s>
<s>,you
you,didn't
with,us
us,<\s>
<s>,you
you,eat
eat,you
you,own
<s>,you
you,your
<s>,i
i,can't
see,it
it,<\s>
when,we
we,go
home,we
we,maybe
see,it
it,<\s>
fraser,we
we,went
<s>,we
we,went
an,we
we,went
then,we
we,went
<s>,it
it,name
then,we
we,go
<s>,i
i,see
see,i
i,i
i,see
<s>,we
we,both
<s>,i
i,all
<s>,you
you,going
drink,you
you,xxx
<s>,you
you,like
like,it
it,<\s>
<s>,i
i,xxx
an,you
you,wearing
an,i
i,going
<s>,we
we,better
clean,them
them,<\s>
what,you
you,what
<s>,he
he,just
at,me
me,<\s>
did,you
you,drink
an,you
you,gave
gave,it
it,to
<s>,you
you,want
<s>,i
i,all
<s>,i
i,want
<s>,i
i,spilled
spilled,it
it,<\s>
<s>,i
i,want
xxx,it
it,<\s>
<s>,i
i,will
<s>,you
you,ne
that,you
you,back
<s>,it
it,hurt
<s>,i
i,have
<s>,i
i,have
<s>,i
i,can
<s>,you
you,you
you,do
do,it
it,for
for,me
me,<\s>
<s>,we
we,be
<s>,i
i,drawing
<s>,you
you,may
draw,me
me,lady
<s>,you
you,write
write,me
me,another
<s>,we
we,writing
<s>,he
he,wake
from,he
he,nap
<s>,i
i,writing
<s>,it
it,swimming
<s>,it
it,swimming
<s>,i
i,go
<s>,i
i,you
i,you
you,xxx
<s>,it
it,swimming
let,me
me,hold
hold,it
it,for
for,you
you,<\s>
see,it
it,goes
<s>,you
you,put
put,you
you,pencil
<s>,you
you,put
put,you
you,pencil
<s>,i
i,go
<s>,you
you,put
put,them
them,xxx
get,them
them,out
put,them
them,in
put,them
them,in
put,them
them,in
put,them
them,in
<s>,i
i,writing
writing,you
you,something
<s>,you
you,can
write,me
me,a
<s>,you
you,sing
write,he
he,eyes
<s>,he
he,doesn't
<s>,you
you,write
for,him
him,<\s>
<s>,you
you,write
that,you
you,ear
<s>,you
you,write
<s>,you
you,write
yes,he
he,is
<s>,i
i,write
write,you
you,another
<s>,you
you,write
write,me
me,lady
<s>,you
you,write
write,me
me,lady
write,he
he,some
that,he
he,hair
xxx,he
he,hair
<s>,you
you,write
<s>,i
i,want
<s>,i
i,can
xxx,it
it,<\s>
<s>,i
i,say
<s>,i
i,put
<s>,i
i,put
see,it
it,fix
put,you
you,pencil
put,you
you,pencil
let,me
me,have
<s>,i
i,xxx
<s>,i
i,saying
<s>,i
i,going
<s>,i
i,gonna
that,you
you,<\s>
<s>,you
you,can
where,i
i,jump
<s>,i
i,go
do,it
it,on
let,me
me,see
see,them
them,<\s>
let,me
me,see
see,them
them,<\s>
<s>,i
i,go
<s>,you
you,watch
watch,me
me,<\s>
<s>,i
i,go
<s>,i
i,go
<s>,you
you,get
get,it
it,for
for,me
me,<\s>
<s>,you
you,please
get,it
it,<\s>
<s>,i
i,doing
<s>,i
i,fixing
fixing,it
it,<\s>
<s>,i
i,fixing
fixing,it
it,<\s>
<s>,i
i,xxx
xxx,i
i,xxx
<s>,you
you,please
fix,it
it,on
<s>,i
i,hurt
see,it
it,will
<s>,you
you,you
you,fix
fix,it
it,xxx
for,me
me,<\s>
<s>,it
it,slips
<s>,it
it,the
<s>,it
it,will
<s>,it
it,will
<s>,it
it,will
see,it
it,can
<s>,you
you,please
fix,it
it,for
for,me
me,<\s>
see,it
it,works
<s>,i
i,will
<s>,we
we,have_
<s>,i
i,breaking
<s>,i
i,breaking
<s>,i
i,break
break,it
it,<\s>
<s>,i
i,break
break,it
it,<\s>
<s>,i
i,break
<s>,i
i,have
put,it
it,in
an,we
we,will
xxx,it
it,will
make,it
it,red
<s>,i
i,threw
threw,it
it,<\s>
<s>,i
i,xxx
throw,it
it,again
<s>,i
i,i
i,try
<s>,i
i,have
<s>,i
i,try
<s>,i
i,going
going,i
i,going
<s>,you
you,going
<s>,i
i,xxx
throw,it
it,<\s>
<s>,he
he,like
<s>,you
you,having
<s>,he
he,having
<s>,i
i,have
are,you
you,going
for,me
me,fraser
read,me
me,<\s>
read,me
me,a
<s>,you
you,read
read,me
me,xxx
<s>,i
i,go
go,i
i,go
go,i
i,go
read,you
you,a
<s>,i
i,have
<s>,he
he,working
an,he
he,be
<s>,we
we,goin
<s>,we
we,goin
an,we
we,have
<s>,they
they,xxx
<s>,i
i,want
did,you
you,make
make,them
them,<\s>
<s>,i
i,goin
<s>,i
i,want
then,i
i,may
<s>,i
i,will
get,i
i,was
because,she
she,doesn't
want,it
it,<\s>
xxx,she
she,rug
and,i
i,were
moving,it
it,<\s>
no,she
she,little
<s>,i
i,want
sue,i
i,wanna
<s>,they
they,xxx
<s>,they
they,be
fix,it
it,<\s>
in,it
it,<\s>
<s>,we
we,gonna
<s>,they
they,are
are,you
you,going
yes,it
it,is
<s>,you
you,be
<s>,i
i,will
see,him
him,<\s>
where's,he
he,bottle
is,it
it,<\s>
is,it
it,<\s>
is,it
it,<\s>
<s>,i
i,can't
see,it
it,sue
there,it
it,is
there,it
it,is
of,you
you,<\s>
sue,i
i,want
<s>,i
i,all
<s>,i
i,want
<s>,i
i,want
<s>,i
i,want
<s>,i
i,want
after,i
i,have
papa,i
i,made
made,you
you,some
<s>,you
you,see
see,them
them,<\s>
<s>,i
i,made
made,you
you,some
<s>,i
i,made
made,you
you,some
while,you
you,was
<s>,i
i,like
like,it
it,<\s>
is,it
it,lemon
<s>,i
i,want
<s>,he
he,in
<s>,i
i,want
want,i
i,want
<s>,i
i,want
<s>,he
he,be
<s>,i
i,will
read,you
you,book
<s>,i
i,have_
while,i
i,read
story,you
you,give
give,me
me,picture
gave,me
me,<\s>
<s>,you
you,will
xxx,you
you,taking
<s>,i
i,want
an,me
me,an
because,i
i,don't
because,i
i,because
because,i
i,don't
see,me
me,an
so,they
they,will
<s>,he
he,putting
on,them
them,<\s>
<s>,he
he,putting
on,them
them,<\s>
is,you
you,putting
on,them
them,<\s>
<s>,you
you,putting
<s>,i
i,want
with,them
them,<\s>
<s>,i
i,playing
with,it
it,<\s>
<s>,i
i,putting
<s>,it
it,belongs
then,i
i,don't
sue,i
i,want
see,it
it,<\s>
snap,it
it,<\s>
<s>,i
i,playing
with,it
it,<\s>
<s>,i
i,playing
with,it
it,<\s>
<s>,we
we,playing
xxx,you
you,looking
are,you
you,looking
<s>,it
it,colin
for,me
me,<\s>
picture,i
i,made
for,you
you,<\s>
at,it
it,<\s>
an,i
i,go
get,you
you,another
for,you
you,<\s>
are,you
you,writing
<s>,you
you,please
write,he
he,eyes
write,he
he,fingers
<s>,i
i,have
let,me
me,have
making,you
you,something
<s>,i
i,writing
<s>,i
i,writing
for,you
you,<\s>
<s>,i
i,writing
<s>,i
i,want
<s>,i
i,want
<s>,i
i,go
write,you
you,something
<s>,i
i,go
<s>,i
i,want
<s>,i
i,don't
do,you
you,have
<s>,i
i,xxx
in,it
it,<\s>
<s>,you
you,don't
<s>,i
i,have
<s>,i
i,don't
are,you
you,writing
<s>,i
i,go
write,you
you,xxx
<s>,i
i,want
no,you
you,have
<s>,i
i,go
<s>,it
it,a
xxx,i
i,take
sue,it
it,wet
<s>,we
we,better
and,me
me,<\s>
<s>,i
i,wanna
read,it
it,for
an,i
i,wanna
with,it
it,<\s>
<s>,it
it,not
are,you
you,sue
put,it
it,in
in,you
you,coffee
see,we
we,made
what,we
we,made
<s>,we
we,made
<s>,i
i,go
put,you
you,pencil
put,you
you,pencil
<s>,i
i,use
one,you
you,use
<s>,i
i,using
<s>,you
you,please
write,me
me,lady
<s>,you
you,please
write,me
me,lady
see,i
i,writing
writing,you
you,talk
<s>,i
i,will
get,them
them,out
turn,it
it,<\s>
yep,we
we,are
yep,we
we,are
yep,we
we,are
yep,we
we,are
but,you
you,can't
did,you
you,make
sue,i
i,want
<s>,i
i,want
<s>,i
i,want
make,me
me,happy
make,me
me,<\s>
<s>,i
i,want
choose,it
it,myself
<s>,i
i,xxx
<s>,i
i,have
<s>,i
i,have
two,i
i,have
hear,her
her,<\s>
<s>,i
i,been
can't,you
you,hear
did,you
you,turned
turned,it
it,<\s>
are,you
you,having
so,we
we,can
when,he
he,wakes
so,we
we,don't
<s>,we
we,had
<s>,we
we,had
<s>,we
we,had
<s>,we
we,had
an,we
we,hada
<s>,we
we,had
<s>,he
he,bick_a_bick_back
see,me
me,jump
<s>,you
you,please
give,me
me,another
could,i
i,get
pencil,i
i,can
could,i
i,use
when,he
he,goes
then,we
we,don't
see,him
him,<\s>
<s>,i
i,will
<s>,i
i,will
fraser,you
you,please
write,me
me,lady
<s>,he
he,say
make,him
him,that
make,him
him,help
let,me
me,draw
draw,you
you,a
<s>,i
i,can't
<s>,i
i,not
<s>,i
i,can't
<s>,i
i,can't
<s>,i
i,think
think,i
i,have
and,i
i,think
think,i
i,can
sue,i
i,writing
<s>,i
i,making
<s>,i
i,making
<s>,i
i,making
<s>,i
i,making
<s>,i
i,making
when,i
i,put
hole,i
i,put
put,it
it,right
<s>,i
i,put
put,it
it,right
can't,you
you,xxx
<s>,i
i,want
<s>,i
i,rolling
rolling,it
it,<\s>
<s>,i
i,wanna
<s>,you
you,please
make,me
me,some
<s>,i
i,remember
an,they
they,will
make,me
me,happy
<s>,you
you,can
by,me
me,<\s>
make,me
me,happy
<s>,you
you,can
write,me
me,a
<s>,i
i,want
what,we
we,do
<s>,we
we,go
when,i
i,wake
nap,i
i,will
then,i
i,go
bought,us
us,a
<s>,it
it,way
and,we
we,will
<s>,he
he,xxx
<s>,i
i,want
<s>,i
i,want
and,i
i,will
an,me
me,an
<s>,he
he,put
<s>,i
i,eat
are,you
you,gonna
eat,you
you,gon
are,you
you,boy
are,you
you,boy
are,you
you,a
papa,we
we,said
said,you
you,was
was,you
you,man
man,you
you,boy
<s>,he
he,not
<s>,he
he,funny
<s>,he
he,a
<s>,you
you,man
<s>,i
i,can't
<s>,you
you,man
<s>,you
you,not
boy,he
he,a
<s>,i
i,not
<s>,you
you,not
<s>,you
you,not
<s>,you
you,boy
<s>,you
you,not
when,you
you,get
when,you
you,little
little,you
you,girl
when,you
you,little
little,you
you,was
yes,you
you,was
yes,you
you,was
<s>,i
i,a
but,i
i,not
mom,i
i,want
do,you
you,blow
do,you
you,horn
<s>,you
you,please
in,it
it,<\s>
<s>,you
you,boy
<s>,i
i,was
fraser,you
you,funny
tell,i
i,was
what,he
he,says
<s>,it
it,was
putting,it
it,head
because,he
he,was
when,i
i,big
big,i
i,a
when,i
i,big
big,i
i,am
yes,i
i,will
by,me
me,<\s>
xxx,she
she,hungry
don't,you
you,do
<s>,i
i,am
<s>,i
i,want
when,i
i,big
big,i
i,man
now,he
he,isn't
isn't,he
he,a
give,me
me,two
<s>,i
i,want
<s>,i
i,been
<s>,i
i,been
<s>,i
i,been
<s>,i
i,want
<s>,i
i,want
have,i
i,want
<s>,i
i,want
think,we
we,have
of,it
it,in
<s>,i
i,having
sue,i
i,want
is,it
it,<\s>
then,i
i,going
<s>,i
i,going
<s>,i
i,going
let,me
me,see
<s>,they
they,were
<s>,i
i,have
<s>,they
they,probably
let,me
me,find
find,them
them,<\s>
xxx,i
i,don't
<s>,you
you,write
help,me
me,write
write,it
it,<\s>
<s>,it
it,be
make,me
me,two
<s>,you
you,gonna
write,me
me,write
write,me
me,snowman
<s>,i
i,sitting
are,you
you,writing
back,he
he,goin
write,me
me,another
yes,he
he,is
write,me
me,one
writing,you
you,sumpin
<s>,you
you,can
there's,he
he,hat
give,it
it,back
to,me
me,<\s>
sue,i
i,want
are,you
you,having
are,you
you,having
<s>,they
they,my
<s>,i
i,get
<s>,i
i,eat
<s>,i
i,chewing
for,we
we,cook
something,we
we,like
<s>,i
i,like
why,i
i,cooking
cooking,them
them,<\s>
why,i
i,cooking
<s>,i
i,get
<s>,it
it,not
minute,i
i,will
on,it
it,xxx
minute,i
i,not
when,i
i,try
well,i
i,cooking
<s>,it
it,cooking
<s>,it
it,cooking
<s>,i
i,giving
giving,you
you,some
take,it
it,right
take,it
it,<\s>
take,it
it,<\s>
<s>,you
you,just
<s>,they
they,was
sue,i
i,put
put,them
them,in
<s>,we
we,we
we,have_to
when,i
i,wake
could,i
i,have
let,me
me,see
see,it
it,<\s>
let,me
me,see
see,it
it,<\s>
want,it
it,<\s>
will,you
you,put
<s>,i
i,eat
eat,it
it,off
<s>,i
i,want
<s>,i
i,want
<s>,we
we,don't
<s>,she
she,writing
<s>,it
it,goes
<s>,you
you,got
what,you
you,do
<s>,you
you,may
but,you
you,can't
<s>,you
you,may
but,you
you,can't
are,you
you,<\s>
<s>,i
i,see
see,you
you,<\s>
to,us
us,<\s>
<s>,me
me,too
are,you
you,<\s>
<s>,i
i,want
<s>,i
i,want
want,it
it,<\s>
<s>,i
i,want
<s>,you
you,big
<s>,i
i,will
xxx,it
it,will
<s>,i
i,all
<s>,i
i,was
<s>,i
i,doing
<s>,i
i,getting
let,me
me,<\s>
<s>,i
i,got
<s>,i
i,can't
<s>,i
i,will
do,it
it,<\s>
do,it
it,<\s>
undo,it
it,<\s>
<s>,you
you,want
do,it
it,<\s>
an,i
i,want
of,it
it,<\s>
<s>,they
they,have
in,them
them,<\s>
an,i
i,got
xxx,i
i,going
<s>,you
you,please
write,me
me,snowman
<s>,you
you,can't
<s>,you
you,can't
get,me
me,now
<s>,you
you,can't
get,me
me,now
<s>,you
you,can't
get,me
me,now
sue,i
i,going
yes,it
it,is
what,i
i,gonna
<s>,i
i,chewing
chewing,it
it,up
<s>,you
you,can
do,it
it,the
<s>,her
her,crying
no,i
i,wanna
<s>,i
i,got
a,you
you,writing
a,you
you,writing
<s>,she
she,just
<s>,she
she,just
no,i
i,wanna
wanna,it
it,w
with,you
you,<\s>
<s>,you
you,put
<s>,i
i,can't
<s>,you
you,put
xxx,it
it,gone
of,it
it,<\s>
take,it
it,off
yeah,you
you,making
w,her
her,head
then,i
i,put
in,it
it,<\s>
mm,i
i,don't
want,you
you,to
there,us
us,is
rattle,you
you,can
what're,you
you,doing
<s>,i
i,going
roll,you
you,over
<s>,you
you,can
help,me
me,<\s>
not,you
you,want
write,her
her,head
xxx,you
you,make
<s>,you
you,make
for,her
her,<\s>
because,you
you,make
<s>,you
you,put
where,he
he,going
in,he
he,house
<s>,i
i,want
<s>,i
i,want
by,you
you,<\s>
<s>,i
i,want
by,you
you,<\s>
by,you
you,<\s>
<s>,i
i,want
<s>,i
i,want
<s>,i
i,want
<s>,we
we,gonna
xxx,it
it,to
<s>,i
i,going
bring,it
it,over
to,you
you,<\s>
at,her
her,sarah
at,her
her,sarah
at,her
her,<\s>
at,her
her,xxx
do,it
it,again
<s>,i
i,wanna
do,it
it,again
xxx,i
i,xxx
hey,i
i,falling
<s>,she
she,don't
do,it
it,again
<s>,you
you,drool
drool,you
you,drool
<s>,her
her,didn't
<s>,her
her,baby
<s>,i
i,going
kiss,you
you,<\s>
<s>,i
i,going
xxx,her
her,key
with,her
her,key
give,it
it,to
to,me
me,<\s>
to,me
me,<\s>
<s>,i
i,go
get,it
it,<\s>
<s>,you
you,come
help,us
us,<\s>
<s>,i
i,going
make,it
it,red
<s>,you
you,make
for,me
me,<\s>
<s>,i
i,going
get,it
it,<\s>
<s>,i
i,are
<s>,i
i,going
<s>,i
i,we've
um,i
i,don't
<s>,i
i,going
with,me
me,<\s>
<s>,we
we,be
gloria,you
you,be
<s>,i
i,don't
see,you
you,<\s>
move,it
it,<\s>
move,it
it,<\s>
is,it
it,done
put,it
it,put
put,it
it,in
<s>,i
i,see
see,her
her,<\s>
<s>,i
i,sara
<s>,i
i,see
see,her
her,<\s>
<s>,i
i,see
see,you
you,<\s>
<s>,she
she,wansa
see,it
it,<\s>
look,it
it,<\s>
look,it
it,<\s>
may,you
you,top
top,it
it,<\s>
<s>,her
her,to
does,it
it,have
let,me
me,see
what,you
you,have
dem,them
them,are
<s>,i
i,have
and,you
you,have
do,you
you,know
brought,me
me,some
to,her
her,<\s>
picking,her
her,up
<s>,i
i,made
see,her
her,<\s>
<s>,i
i,can't
see,her
her,<\s>
hi,you
you,<\s>
what's,he
he,doing
let,it
it,cool
<s>,her
her,be
